Periodo,USD/CLP,11 month expected MPR,Ex-Ante Real Rate,M1,M2,REER,Oil Price,Core CPI M/M_sa,Overall PPI_sa,Manufacturing PPI_sa,Mining PPI_sa,Utilities PPI_sa,Agri PPI_sa,IMACEC Total_sa,IMACEC Production of Goods_sa,IMACEC Commerce_sa,IMACEC Services_sa,IMACEC Factor Cost_sa,Real Wage Growth m/m_sa,Labor Cost m/m_sa,Nominal Wage Growth m/m_sa,Unemployment Rate_sa,Headline CPI_sa
2014-03-01,0.017,4.0,1.107,0.003,0.0,0.029,0.005,0.4235267420470804,0.012238059988291273,0.011235159192877299,0.019515674917793074,0.0010798217917654682,-0.0004507049547543551,0.003846117235641766,0.0017448323953455087,0.005643541914828007,0.006109463321973874,0.0035939004569076755,0.22956254836676288,0.6582904062905707,0.5086149686652873,6.422051364983706,0.30184888607483584
2014-04-01,-0.016,3.75,1.0,0.019,0.0,0.012,-0.012,0.44687785236869987,-0.051197925168497756,0.00907428814425672,-0.10335758267831507,-0.003561718702675976,0.01620575312011907,0.009413875435161811,0.016425731517712545,0.00021035111344022694,0.0049277431143421035,0.009757847301104322,0.14159567628704886,0.636442856574885,0.5086221880920587,6.5264139905702905,0.36248178501453016
2014-05-01,0.001,3.75,0.9,0.014,-0.001,-0.017,0.002,0.4605655053011015,0.008785044195954876,0.009443125686958865,0.007812917247146771,0.0027011810270696937,0.0024203928363483044,0.004403840291038536,0.007007600486188453,0.006080954509916494,0.003875668237722273,0.00558568408831887,0.5376190597976402,0.7678889405447064,1.3570029347716812,6.306129814008462,0.29805446498029003
2014-06-01,-0.004,3.5,1.0,0.01,0.003,-0.0,0.018,0.44243200469080873,0.007542888569040052,0.006844918112052626,0.006579656661218541,0.007175834442549348,-0.0023507006683474614,0.008198289363405342,0.008291840745150807,0.030359772018596118,0.00329302732660941,0.00773790818851242,0.17560957568929247,0.6961462455202048,0.5586726812801446,6.172679365603247,0.3479965921845656
2014-07-01,0.009,3.5,0.875,-0.009,0.008,-0.007,0.019,0.3467272704376396,0.009740748742641744,0.0018153620605307155,0.018372464378692284,0.0006051809462768523,0.006659676843859187,-0.0011288418884193435,-0.005767843676374937,-0.007807025853901306,0.004886373875055822,-0.0012022355216102995,0.34049282888228044,0.47423028916140086,0.4312720768598728,6.316662978623984,0.06751206712774224
2014-08-01,0.037,3.0,0.625,-0.014,0.004,0.01,-0.045,0.35246388966794995,0.013512850325144377,0.00437247895486548,0.015237930783665393,0.001914090354076716,-0.0015837576816589184,0.004363027585585259,0.014723294923281467,0.011566203327833627,0.0029677497122821833,0.005541072880038703,0.3203778626696645,0.5329509458053426,0.5131717142736605,6.345275515596546,0.24918256556522572
2014-09-01,0.025,3.0,0.162,0.028,0.006,0.027,-0.048,0.46012748726631836,0.008995022839594871,0.0007672907265866939,0.012660148655544544,0.005522762701177044,-0.001609084503067449,0.00719078443585526,0.004457841766855837,0.027992715178960986,0.004748784773505266,0.006498617039130121,0.2627995726312816,0.4992917750055697,0.5325959366453137,6.48725417411013,0.3147321000173376
2014-10-01,-0.006,3.0,-0.164,-0.018,0.003,0.005,-0.042,0.5074058414941415,0.0030368681658983093,0.006435683989717876,0.002119033514562107,0.0009710883742776143,0.008307396679174843,-0.00390714880697118,-0.002905627471867407,-0.006328202605567797,0.0025333868051194072,-0.003198501025419305,0.09536410318732985,0.5148687933817279,0.446768251596927,6.450770951764624,0.42094337147474503
2014-11-01,0.004,3.0,-0.1,0.05,0.028,-0.031,-0.101,0.41894938221828926,0.0035283923123239722,0.009445165619124257,-0.0024384183049293226,0.0070051293065079194,0.009524952346979827,0.00839942864490223,0.016798736829693434,0.009954403765602096,0.006197608966237986,0.010492068799669504,-0.08735801791819175,0.6762450036077565,0.5317200059043286,6.463019721308695,1.0601989805351313
2014-12-01,0.035,2.75,0.3,0.064,0.025,-0.011,-0.097,0.43394630910794774,0.010383362838724056,-0.00162063947898014,0.019314419049230987,0.01824527999902963,-0.0011227842563790065,-0.0016235468723928368,-0.006857961773761339,-0.017908344700025742,0.005282961799157354,-0.0019890198141863623,0.22856797260447537,0.639628946210115,0.5644190929844473,6.445341683373131,0.2960239046562264
2015-01-01,0.013,2.5,0.3,-0.003,0.002,0.019,-0.212,0.45697304679223166,0.008417656669435837,0.0054650239213049545,0.011778869501124778,0.0033740274443030856,-0.004801837731914175,0.0020481064073786734,0.0002058157026468832,0.013327565312825668,0.004681044522089839,0.0020532088198272104,0.3605960003103046,0.5702994796296745,0.5657598501220641,6.626165351437702,0.18725343506434022
2015-02-01,0.004,2.75,0.0,-0.003,-0.003,-0.006,-0.226,0.394701975779665,-0.04660510707539782,0.0006363381846290539,-0.08441755525239808,0.0011841879384242356,-0.00792331003840272,0.0042025719663750655,-0.004097238828555321,0.016169424069384514,0.004038835189263845,0.003523060839754996,0.05989346201664647,0.5411413924578549,0.4412722006378789,6.613327727681954,0.15935102660342682
2015-03-01,0.008,3.0,0.0,-0.01,-0.002,-0.009,-0.035,0.5044008385121878,3.014403176785762e-06,0.002521264709018755,-0.011783315241789005,0.05481835921308413,0.0020969315127167924,0.0029320319577094897,0.00433875548735446,-0.0036977603919430696,0.0006904672368571452,0.0005147564389764783,0.32926553703103273,0.6406644831357572,0.5705925803521398,6.4467832287257085,0.28972543278267027
2015-04-01,-0.022,3.25,-0.2,0.016,0.012,-0.015,0.057,0.39219656085014104,-0.0004910825463372119,0.0031743333802425077,-0.0012134094189327899,0.009209315311178887,-0.007773397073815077,0.0026765581509374803,0.002405075662151264,0.030369336446211675,0.0038731458002123076,0.003818921353087937,0.19914530937343558,0.5239258598781257,0.4695997736560013,6.232720518443016,0.2707272014691503
2015-05-01,-0.012,3.25,-0.1,0.019,0.009,-0.023,0.086,0.4434235829830547,0.005174273397973746,-0.004982966384254562,0.01361332556067785,0.004502832053116343,0.009401538686415908,0.010608923606243728,0.013817788337660245,0.014685720177659602,0.006559790907695746,0.010513126888785869,-0.08675431104203102,0.31008468917462084,0.5638812428861137,6.450511405680864,0.3850617985503924
2015-06-01,0.037,3.25,0.0,0.02,0.009,-0.006,-0.042,0.4003279270176336,0.007408081843049579,-0.0013430318538819653,0.01757629532722929,-0.003382054502048955,0.005149752108111291,-0.006772421905510315,-0.013355556054418728,-0.02630090100911504,0.004167966425476558,-0.00647010683530377,0.17740102913057473,0.41067387312325165,0.38778289798708115,6.535012818229962,0.25329133621511285
2015-07-01,0.032,3.0,-0.2,-0.006,0.016,0.029,-0.084,0.48065893901249207,-0.0005631903046042757,0.00769089327621148,-0.012182133648477221,0.011188766956862418,-0.005053839470165263,0.011127663020220557,0.02116063061523523,0.04736230613337078,0.002609973326727146,0.01115366672661389,-0.05836107863681386,0.6074225453152867,0.45429149108487643,6.426077379370825,0.4613486091873243
2015-08-01,0.058,3.25,-0.5,-0.004,0.016,0.018,-0.174,0.5245050533702482,-0.02024529702789654,0.0073891632940483055,-0.0638135099935476,0.029591356245215684,0.0148174147466265,0.002748977401322711,-0.01442824544248033,0.004119731519340652,0.01465998886091071,0.001724924203179025,0.10154432346758202,0.73675602492825,0.4283362065052032,6.385397117773486,0.4218767304595976
2015-09-01,0.005,3.5,-0.7,0.01,0.008,0.031,0.02,0.4489188241115712,0.00020577925812086464,0.008177509389229051,-0.006424104931812315,0.002950685135257324,0.005260529384386262,-0.009467720856004249,-0.016142061911836404,-0.019795878897134148,0.001759838617426096,-0.008987581783730127,-0.5028804448447024,-0.09204316554065847,0.14141703355849605,6.265155122684263,0.7342474903740273
2015-10-01,-0.009,3.5,-0.369,-0.01,0.008,-0.01,0.019,0.33004930954943523,0.012200595034682274,-0.0001381502421957245,0.023217881015722967,0.009220813578006628,-0.017583108673100117,0.014883810704254591,0.03915328963900118,0.02110036923274679,0.008446983502565945,0.017335165206321917,0.3422489226017468,0.8326188325102601,0.6434017856495989,6.30304593306631,0.24534315804591877
2015-11-01,0.027,3.75,-0.25,0.017,0.013,-0.01,-0.088,0.43631684247830965,0.0019641946955742074,-0.001995074770464726,0.0018091419715683477,-2.7992297257079315e-05,0.0010565889088425826,-0.0015311072856775756,-0.026151934013903838,0.01455981399113064,0.0025096480330343215,-0.0034466316541100564,0.2574381328197632,0.38665627066938013,0.32472211340349305,6.397594853533703,0.3690072980444444
2015-12-01,0.0,3.75,-0.15,0.058,0.016,0.016,-0.141,0.3860432385801985,-0.009217712944828458,0.010326285593457293,-0.029497958905844904,-0.0011127847089106215,0.024007830889900997,0.0021408440157224644,0.00029732727294405625,0.016321789409435242,0.0038918137438290097,0.002875825270182368,0.16028101544203432,0.47378566150936785,0.37715027505402365,6.447047353618735,0.2495234517879252
2016-01-01,0.025,4.0,0.0,0.022,0.011,-0.014,-0.185,0.3085967517936242,-0.01431234777271477,-0.0017867674620888443,-0.024516701438538336,-0.01842742471938573,0.01878176010463148,0.001721051796899839,0.002374775255271952,-0.006479968446077566,0.0024079605899784834,0.0015881215133595264,-0.11880030609197467,0.5294666823969176,0.3681033682947169,6.322544095449933,0.47195904452536996
2016-02-01,-0.025,3.75,0.1,-0.017,-0.0,0.001,0.047,0.393152197619475,-0.003822730300913771,0.005968656916639439,-0.010105165726865678,0.013621522673580196,0.012306440064129481,0.003711202936073091,0.008545964629981515,-0.0008209772196572929,0.006787230965011312,0.0050334578168738375,0.37129849424161265,1.075729031430745,0.9883255547343937,6.296077638695332,0.42733859704593957
2016-03-01,-0.031,3.75,0.2,-0.028,0.002,-0.02,0.186,0.2792671830177692,0.005789779697577993,-0.00651809692419055,0.013466553020206645,0.03761969738796074,0.01508430890372529,0.026300383936488717,0.0457665186308667,0.03902551652225459,0.007288932754512839,0.02301408390784603,0.046029766787920146,0.3764111742641531,0.3156144500265998,6.26858060723828,0.2800331404598773
2016-04-01,-0.018,3.75,0.2,0.002,0.008,-0.02,0.077,0.34229890724820144,0.004829013353310405,-0.004827848893038575,0.011428278393322201,0.009203179892844592,-0.011089201517118615,-0.016628987659037017,-0.026643565634541636,-0.03182750798284875,0.002924990227983343,-0.013813275904227873,0.30791357813956355,0.5233913547536495,0.431455178362135,6.468028253408319,0.17224698926243506
2016-05-01,0.018,3.75,0.3,-0.0,0.002,-0.002,0.129,0.22259288381030867,0.000295062323249504,0.004953297960160009,-0.005167958839550971,0.004229782303945153,-0.012057179692849439,-0.006137263847440538,-0.03220017665093294,-0.0022369675722677153,0.003022420617240521,-0.008642334509825746,0.003541511173199674,-0.15316077410921528,0.2863356290733126,6.648917279280818,0.1631124088528886
2016-06-01,-0.001,3.75,0.3,0.007,0.007,0.018,0.031,0.3584471680002022,-0.0040209042592049705,0.006827085474932442,-0.01486231533918056,0.004974215205003433,0.008409069529401184,0.0038468786693219422,0.009419015787465674,-0.007639079739897473,0.005340168848090966,0.005071488999359352,0.13861598398286973,0.47052995539093484,0.377712043884373,6.7626308481349175,0.25397359155431576
2016-07-01,-0.035,3.5,0.4,-0.018,0.0,0.001,-0.068,0.419114384354433,0.0012341784533510397,0.003616590558152606,-0.00024692849325688715,-0.010612892256133297,0.009283792358901073,0.002407177111157517,0.0035825783168880743,0.007827942677211222,0.0045516313650639595,0.0025434105198738483,0.08103668382028867,0.6282586069465956,0.5531430089698549,6.743912433633601,0.3704265275377271
2016-08-01,0.002,3.5,0.5,-0.012,0.002,-0.04,0.019,0.29939618694256764,-0.005092722452466908,-0.0038463847840987794,-0.013957591863009499,0.005561227834763543,-0.020959537149064247,0.0010958795076691369,-0.003522711947942715,0.01076171979116318,0.003338712344416253,-0.00013270462394261717,-0.1611607260406824,0.1752851491988638,-0.061450939687271444,6.909020415141363,0.1928299382314507
2016-09-01,0.015,3.5,0.5,0.01,0.013,0.009,0.018,0.12835217070124694,-0.005630644663382477,0.004420705263300939,-0.000695496257642994,-0.022833140788219537,0.021295289673088958,0.009347191900203472,0.022828301329589604,0.0060436026568036726,0.008851749482538723,0.012191931197896091,0.6347638332045472,0.6484887849408891,0.6754984626575982,6.813822247587479,0.049529069467317416
2016-10-01,-0.007,3.25,0.5,-0.005,0.01,0.012,0.065,0.05271108493842619,-0.0023488252356262964,0.0031108155339287435,-0.01306786131764464,0.004521218882662587,0.006316918192785889,0.003692959007897352,0.003858090281794794,0.019209335789908532,0.0013485555428902618,0.0007501587721871934,0.014062143442326078,0.39262906884340076,0.31078264853183707,6.858605372623531,0.05260209069274402
2016-11-01,0.003,3.0,0.5,0.028,0.005,-0.013,-0.093,0.24956806972651419,-3.796703123888992e-05,-0.008497255180263483,0.007721004559641111,-0.01818255519362608,-0.019055020315632193,-0.015110986167890736,-0.04836199247694942,-0.024119837878499154,0.0006268812288290557,-0.015190240823249698,0.5244730517725097,0.43818366304085987,0.41529240152661784,6.682571570356365,0.07534598023852661
2016-12-01,0.002,3.0,0.6,0.054,0.012,-0.016,0.187,0.23745262476659695,0.0634757501641542,0.001446689340866004,0.14664505924211166,-0.0004804766617057688,-0.013657890413034703,0.012791797828745274,0.034326833168062044,0.044292447545111885,0.0014318331488813174,0.014546183503359796,-0.10765923222018023,0.28537408863534447,0.1266799693730409,6.71172615285614,0.3104168300779274
2017-01-01,-0.009,3.0,0.505,0.005,-0.014,-0.002,0.019,0.264622832158545,0.019290161796461376,0.0011492803924734493,0.042998348619887314,0.005979733987089988,-0.0009391799209555948,0.00751263773480626,0.0036363281461557068,0.03316076827486564,0.006281056600305229,0.007308654589505595,0.18570495102150697,0.46007819956661045,0.31114633511117884,6.664906551183212,0.16229683753093876
2017-02-01,-0.027,3.0,0.35,-0.015,-0.009,0.003,0.008,0.29247511665358894,0.009990769466228464,0.0030600131180047543,0.015677934022984247,0.003916280800610297,0.00944375416174828,-0.006868373424164284,-0.006610266915970393,-0.037747884760263944,-0.0015747902143012221,-0.009468692774021667,0.057138407014482195,0.5846201941749034,0.5985769374240506,6.7353478600820464,0.30886298674054813
2017-03-01,0.028,3.0,0.13,-0.001,0.014,-0.017,-0.063,0.15477638569160118,-0.00011396572312571962,0.0024101011607893163,0.0011545990788294404,0.004957939636538818,-0.0017192216827689906,0.004321221854817231,0.008535226499986451,0.017321217969718028,0.0015792731561669049,0.00318081417469096,-0.021914035028556267,0.36588645511358153,0.3144210166803838,6.988600978643402,0.27130028473342876
2017-04-01,-0.008,2.75,-0.025,0.027,0.001,0.025,0.022,0.2915950798081913,0.0035212045057867424,0.0072747482708850385,-0.011677198441693957,0.0026769919682050436,0.0060581880006981455,0.003499350631066017,-0.012843010916637948,0.04221702404897612,0.006231744857773863,0.0028453533140462423,0.22434155525683383,0.5654321053883646,0.4380582777174516,6.979179754479418,0.2599903602899132
2017-05-01,0.024,2.5,-0.252,0.009,0.008,-0.005,-0.043,0.20133924495003502,-0.0035834578287997224,0.00649416040892062,-0.010293585572176637,0.002883793214593723,0.0011152947772412724,-0.008936108872482446,-0.012625328265229371,-0.05855405271106348,-0.0005515221041840573,-0.00852067555060082,-0.002803581052161719,-0.16760636651210822,0.10204450251267888,7.098797968901271,0.1410701991517836
2017-06-01,-0.01,2.5,-0.4,0.012,0.006,0.023,-0.08,0.11246763360066106,0.0009962689445051527,0.0038085418075434196,-0.0002991443317776664,0.002292773730004782,0.008409893940693424,0.018387597457269284,0.03308237102614714,0.05147112944793369,0.007855646874709542,0.020676591456795027,0.40779220755136086,0.5750851422770886,0.5068321090645864,7.040849701591469,0.135752066640941
2017-07-01,-0.01,2.5,-0.2,-0.015,0.005,-0.002,0.045,0.16073873830836163,0.0024053046223275957,-0.0019431478386964973,0.0058262556306083345,-0.000428113894804135,-0.006323115307865557,0.0027390730099892367,-0.01075271502191804,-0.0006831690185349626,0.014604664788033433,0.002059772416253852,0.8427616280739214,0.5223223374864797,0.4833545664679244,7.023093983162358,-0.4083731217919475
2017-08-01,-0.021,2.5,-0.2,-0.008,-0.004,-0.008,0.065,0.18613028095954726,0.011448567933690219,0.0012825925490569509,0.01617171143961723,0.0077054796045787025,0.003120980885441587,0.007598881644778115,0.019506732186557046,0.010364315831060539,0.0052933684509581524,0.008171095334095185,0.4742742234094957,0.6740521845288203,0.5350989638595693,6.806558416345703,0.1731656178660723
2017-09-01,-0.029,2.5,-0.2,0.011,0.019,-0.009,0.085,0.10894395319824077,0.020674173052828922,-0.009192125181832317,0.06312906031184382,0.0008050986297535923,-0.010365546776766417,0.007866594711793469,0.018379832988962085,0.014888972429058967,0.0026824387983607617,0.008143676531133473,0.3181197159945906,0.5749176814571229,0.553748888985802,6.668022629876608,0.27936564815774934
2017-10-01,0.006,2.5,0.0,0.007,0.0,-0.015,0.022,0.2761554717805949,-0.005777901329266891,-0.0030562545087604253,-0.014924195934702962,0.002467512786706886,-0.011243019717644586,0.0028707128435088852,-0.0004002719870316168,0.019456562582929268,0.004775016087377959,0.002585244404877153,0.17833183787215656,0.4095004097023961,0.3180311891972666,6.876883323807468,-0.2665429515535602
2017-11-01,0.007,2.75,0.0,0.009,0.007,-0.007,0.093,0.06341962673325907,0.018871144444180064,0.009956117208613523,0.021942896607809778,0.0039584123625888215,-0.0016372884595792993,0.008425937599784265,0.010843253272890277,0.024459647263111374,0.005931361367071522,0.00845268789656721,0.16770200835553023,0.46730765114457606,0.5252166374205679,7.030437175060173,0.3843788413729332
2017-12-01,0.005,2.75,-0.2,0.054,0.014,0.008,0.024,0.1877287334950314,0.011744982770728198,0.005771627612547227,0.024798186171683754,0.009345431514872524,-0.00543583072394907,0.009656654123882419,0.0006925037607369011,0.030646093072897767,0.005743342352700999,0.005351057990177689,0.26495242137208297,0.5795123332172158,0.4740016926118463,7.045779297044912,0.26829890799336176
2018-01-01,-0.049,2.75,-0.1,0.006,0.007,0.01,0.076,0.2225354480687862,0.0038619241291170487,0.010811266584276504,0.00563115305185377,0.005711193704615188,-0.009103923732993211,0.000982847270979477,-0.003897330538033275,-0.027760916995607288,0.004369487057797106,0.0006527923321702489,-0.01756317465678392,0.32652253313893886,0.350043020747486,6.930786249976185,0.37154130969908994
2018-02-01,-0.014,2.75,-0.1,-0.007,-0.005,-0.036,-0.056,0.09893366635283524,-0.0009152118107793568,-0.002945580413108965,-0.005758885268165189,-0.00040339685497068744,0.0002908698800121734,0.010474200668800837,0.020281808397097274,0.02411014796354022,0.00618506006580366,0.013011164108619175,-0.039167080562778844,0.12165332712701099,0.256184046570031,7.148230351980738,0.22562109762514743
2018-03-01,0.011,2.75,-0.1,0.008,0.015,-0.003,0.012,0.18680550716373123,-0.006952319512748014,0.007626152589321755,-0.011968980312878807,0.0012309494226093428,-0.0031608981238991155,0.005015226108006192,0.007955050236732104,-0.012678275921217036,0.0044851053901919374,0.0030293539336720895,0.119174295338565,0.3138127071489164,0.30868424507784376,7.181864661328081,0.15007404463838506
2018-04-01,-0.005,2.75,-0.2,0.009,0.021,0.007,0.085,0.025720920148161214,-0.0011146228285658392,0.0011794674028261188,-0.0303905400527169,0.001496775306665205,-3.2567168672595695e-05,0.004106704955896268,0.007156978917781706,-0.00705687813035516,0.007901663158644101,0.0033808995663238695,0.04392146475462905,0.1742606804721949,0.06435572823097868,7.272494075987257,0.06627136049520171
2018-05-01,0.043,2.75,-0.3,0.018,0.01,-0.005,0.074,0.28639403155648824,0.007170555969398799,0.0005029400808729965,0.018927224448801645,0.0033409832008433615,-6.074581640992498e-05,0.0052793695191657025,0.013570602545464924,0.005111103303776989,0.006515707089055046,0.006377105242777906,0.16183293232285834,0.30917486737973354,0.34725932129163545,6.955880168209368,0.28310585006094274
2018-06-01,0.016,3.0,-0.4,0.012,0.013,0.021,-0.035,0.31680844268085573,0.022402715904373836,0.0028459121132717053,0.04598875843340172,0.004999165211537077,-0.00959477031213623,-0.0010047468125835674,-0.006559155184791311,-0.0032957302369882556,0.004337193922704832,-0.0014054027888656742,0.05964232993513757,0.4215685820681574,0.25121953349126735,7.22118448462948,0.3835842731433672
2018-07-01,0.026,3.0,-0.5,-0.006,-0.001,0.003,0.002,0.1447648143857813,0.019279155772606582,0.00969020224638254,0.03390204082329717,0.0035498752689681855,-0.0008853146134144736,0.0029927552847958186,0.005426809245063807,0.010200437394831875,0.0057577389953852864,0.001145415489541432,0.11366997972980107,0.29064995036464847,0.3569263888114753,7.32172500265414,0.20821418371600037
2018-08-01,0.006,3.0,-0.5,-0.013,0.002,0.011,-0.023,0.1981902697103278,-0.03198855918412369,0.009556868775192767,-0.07754507606676093,0.006352933565436633,-0.0024022885133685497,-0.009976862397368141,-0.013948979200249716,-0.036713150058374944,0.0017367876802851512,-0.009029798096070733,-0.12227988086344452,0.14826887880163797,0.1302776950564868,7.481543972805431,0.3914430526781627
2018-09-01,0.038,3.25,-0.5,0.027,0.012,-0.004,0.085,0.19238673193258898,-0.015667051732782974,0.00296294234776322,-0.021683104073955607,0.004793753567404845,-0.007943270661634283,-0.0020589167831354532,-0.012210155852408273,0.027791653034316025,0.0021479344813426365,-0.002659199307700928,-0.059678301072921366,0.1318071569835828,0.1370042254043428,7.4751256366434085,0.2587649215474764
2018-10-01,-0.006,3.25,-0.398,-0.012,-0.007,0.026,0.029,0.1625454225803024,0.023708183494494762,0.01230205286939548,0.032869480701336044,0.008883364948029885,-0.006232561420350823,0.0008537211026452135,-0.008348005892126802,-0.026768537129128092,0.010211139620532848,0.00024525752310217835,0.455032452706684,1.0599851745838742,1.150128757782222,7.4261483882636385,0.17949778548908588
2018-11-01,0.001,3.5,-0.25,0.007,0.02,-0.004,-0.203,0.2756064172599463,0.0003800303443416298,0.005133439769990538,0.011993565166352456,-0.06675973421324188,0.005514262625045525,0.04196044227583523,0.04750683558852764,0.11978975517448272,0.026478643610718215,0.03778783009701852,0.1772533357551211,0.38378645876324,0.1892839105840566,7.526824923497605,0.06889234370159542
2018-12-01,0.006,3.5,-0.15,0.045,0.016,-0.008,-0.133,0.12689701529358316,-0.002987004799074933,0.0017517349060904228,0.0006520299007851046,0.0031410463275678303,-0.003668122512513727,0.0007523842105129283,0.006410738836520255,-0.027577260402284948,0.0016956392758196714,0.0017371547347531796,0.2695086048378076,0.3753109491933065,0.3779591010956007,7.72524163870787,0.1765138481153775
2019-01-01,-0.007,3.5,-0.039,0.002,-0.008,0.004,0.052,0.21877421461490926,-0.006405557336141449,-0.005068844144357307,-0.0060027062854634905,-0.0011569290841363118,0.002230252137067304,-0.009523207007529018,-0.025441046477239465,0.0032759451636632797,-0.018589941968225603,0.0020647817997821102,0.07410312114217765,0.1530708469534563,0.08604885797140022,7.309234179068769,0.10437477973431736
2019-02-01,-0.031,3.5,0.2,-0.016,-0.008,0.004,0.085,0.2504073634845871,-0.010732626056892108,0.0008172939157115341,0.01528039624243462,0.0047533558538875136,-0.01349368012280548,0.00135946772391915,-0.0011897142287646337,0.004845646673736825,0.004570357617743076,0.002489093700408479,0.38682587265321733,0.3855955310432385,0.27407812129248144,7.354328410781913,-0.20294550460957075
2019-03-01,0.017,3.25,0.2,0.008,0.008,-0.023,0.032,0.1863304322151053,0.002114193488508896,-0.004724681778677202,0.023192827835590082,0.0030187093989563424,0.00173218114738196,-0.007253387796661091,-0.024084822651534353,-0.003128388374966068,0.006730011548252743,-0.00983356085687611,0.601046004247374,0.6249418491280322,0.7871823842175376,7.150604068873785,0.18100768637428824
2019-04-01,-0.0,3.25,0.2,0.022,0.016,0.012,0.077,0.15654096609584647,0.03247467282854205,-0.001394251264739404,0.01839979559012273,0.006142127403098453,-0.0013232516498732881,0.004358411353177882,0.010590251175238888,0.008425604632206568,0.004679062272112761,0.0030345743012570314,0.046155280551436695,0.40158509200416814,0.3463642630642024,7.0954161593561835,0.3929679681982501
2019-05-01,0.037,3.25,0.1,0.016,0.009,-0.002,-0.004,0.20456961519224978,0.0024275922505085684,0.0037458904105312375,0.007715493890132676,0.000918078311178194,-0.01817526978294656,0.019161418809555412,0.015363626703276151,0.01573920015992788,0.019981282116854876,0.012856770921120142,0.46905278973747405,0.34554597208243387,0.8444350152808157,6.919889163435662,0.3211982100610283
2019-06-01,0.001,2.5,-0.275,0.007,0.002,0.02,-0.096,0.2746371104423585,0.0008843427973456999,0.0023261550594565264,-0.021271466419545613,0.07464486107018004,0.010277502421312333,-0.001488295600696377,0.006154125231516622,-0.0020901110101098665,0.0048585479838599175,0.002643278895158698,-0.14736967691508807,0.39658630441010917,0.36070747833080646,7.219649576463259,0.7349622268682174
2019-07-01,-0.009,2.25,-0.3,0.003,0.002,0.004,-0.002,0.21777510924836127,-0.010661812784508368,-0.0030251085385690256,-0.014370492343127884,0.0011972903685826865,0.003509884846749656,-0.005300056641224564,0.0037663727604952957,-0.027541469164901633,0.006086900940797196,-0.006500525016809658,-0.07819167819872366,0.21874161181753282,0.14972286953973574,7.094107202139159,0.22630034803039994
2019-08-01,0.04,2.0,-0.3,0.002,0.013,-0.003,-0.079,0.08591502690332407,-0.005460137880138216,-0.00769766754175412,-0.0027475530646487974,-0.0035191286926203468,0.0018184977346426632,0.008669000761181846,0.01583690394238497,-0.00360206622071689,0.010330002829271025,0.008402427537740089,0.13117145073987102,0.2218055368580164,0.2905355347420176,7.283581619000728,0.17948225857802413
2019-09-01,0.007,1.75,-0.744,0.036,0.014,0.012,0.064,0.09745027562982016,0.0006262535752197531,0.006566664170362621,0.008006168196540181,0.00644810138710082,0.014725212482821187,0.0047555193166028895,0.0019642021119391836,-0.00763568008182456,0.006739902725445432,0.002556312485365461,0.17078088100988673,0.4699013342258595,0.39546454337200543,7.402884461889026,0.2749597705483295
2019-10-01,0.004,1.75,-0.957,0.017,0.005,0.002,-0.045,0.23322826316356543,0.004094394381971039,-0.00038144344237645554,0.0072294053371132466,-0.003316217658967646,0.0014969158791369635,-0.002970043473725169,-0.009259624584550138,-0.014126793053605653,0.004679568632620271,-0.00403152528623265,0.058963546901544484,0.34628316671192005,0.3800020198251667,7.387442440259448,-0.22882530115329844
2019-11-01,0.077,1.5,-0.95,0.045,0.027,0.002,0.057,0.15451970178949376,-0.0009446565766414476,-0.0014432975624358297,-0.006502949745643004,0.030610686734590185,0.0542992873327689,-0.031985503198474804,-0.009278426641496584,-0.023653887943814227,-0.045869668221586474,-0.0384165077062193,-0.13743579630560632,0.36220738771109984,0.22045752944685326,7.3856413017687075,0.38164915096622043
2019-12-01,-0.008,1.75,-1.45,0.042,0.019,0.081,0.061,0.2847010194173485,0.05199877969169938,0.02917763643854602,0.10262177600833239,-0.013055332243692102,0.010351921818139175,-0.005496462288405068,0.0006538195216776455,-0.001139619004535476,-0.0240885304374867,-0.011051090365145923,-0.1795205318709483,0.08089954899580185,0.06170882976077682,7.537558279026228,0.3159383966946554
2020-01-01,0.003,1.75,-1.45,-0.011,-0.014,-0.003,-0.052,0.002410273237453825,0.0017983714935276285,0.003823079113119786,0.0064507125741723875,0.0208468135344229,0.012123265384698437,0.04124707217780994,0.023692721763271057,0.10905864476908214,0.02659394190962712,0.06146639591116092,0.3230531232899191,0.4473817028904358,0.4285089724475046,6.9262309820624575,0.2302998393441086
2020-02-01,0.031,1.75,-1.25,-0.001,-0.01,0.008,-0.127,0.4835148431291346,0.005004501719008513,0.008819012439305444,-0.00515164811341594,0.015128483132183956,0.053470712548478024,0.007236384971606544,0.011780033272483975,0.006863217484660386,0.021581174045035872,0.015076464020716981,-0.049451589183497346,0.3244945016007082,0.30018647048544145,7.560823483205721,0.2650777631245946
2020-03-01,0.054,1.5,-1.825,0.047,0.017,0.015,-0.428,0.14165415099221973,-0.024712717805393893,0.007618206605591334,-0.03747828079322556,-0.022913648722104975,0.0047039860606906455,0.009644664794297687,0.016909475095653995,0.012534760127851069,0.0058217504252049135,0.005988473371239339,-0.060509876900014636,0.44055554515214385,0.5570595586456687,7.846096333171243,0.6199812491743847
2020-04-01,0.017,0.5,-2.4,0.081,0.021,0.025,-0.399,0.2504678382036612,-0.000835360714873867,0.005727279888036067,-0.06389174656556437,-0.008082965281815754,0.007094642370325192,-0.07890576587950235,-0.057826087507364246,-0.09487561383534751,-0.07779358296534308,-0.07713979486154374,0.2935042140576029,0.4649854897696458,0.4580440963877488,8.042702300218366,0.22083011784582346
2020-05-01,-0.037,0.5,-2.0,0.036,-0.006,-0.006,0.522,0.14537031785676055,-0.0016934389133162957,0.0017743499454247235,0.0016772185143358155,0.002821067995026764,0.034923528101865775,-0.07675555725607555,-0.02880730973714135,-0.1139362512221081,-0.09997021363479483,-0.07972901028238433,-1.0653967852663233,-1.3416216409559858,-1.0090459585282743,8.648190648743059,0.06639084137638789
2020-06-01,-0.034,0.5,-2.0,0.046,-0.0,-0.042,0.382,0.22303223017435989,-0.0030581225715259307,-0.019472027326786535,0.014834827108894702,-0.02669809901362695,-0.013611569891482215,-0.016895539049914858,-0.012260148877727604,-0.05885000656640936,0.00662682042902841,-0.013530222088134827,0.4070113684383777,0.4735911048848776,0.3797286832326138,11.224323981325844,0.09978946385556497
2020-07-01,-0.011,0.5,-2.0,0.019,-0.018,-0.014,0.08,0.1815153524927592,0.024648105069025428,-0.006645651110815834,0.06526321327238635,0.0019014336802784934,0.013364149576634416,0.014751326282068402,-0.014814058552934745,0.06351927777383917,0.030189419064144744,0.008971805380183218,0.14630360856574157,0.4713587555205792,0.29547171041509673,12.110520617395343,0.23169646667014462
2020-08-01,-0.0,0.5,-2.0,0.113,0.009,-0.004,0.035,0.2531935411028877,0.03906198323499055,0.0017892813472071408,0.08630548427522715,-0.002016096829318057,0.0015998829747875792,0.034718742598482406,0.013184296599428222,0.0660085260206471,0.03361639838437715,0.030874537505650057,0.3135586739949095,0.6772336312499144,0.3051579480741948,12.954270076703093,0.054031717770659
2020-09-01,-0.014,0.5,-2.1,0.062,0.001,0.013,-0.094,0.31614591818021803,0.011310399520671156,0.002885737071451835,0.024224266952948582,-0.004751500705331006,-0.003959533530052126,0.012245266442577847,0.006790930633998958,0.1399897598381572,-0.02800206719708353,-7.861853343719971e-05,0.23996009237343463,0.5345479478888343,0.5264733811591429,12.855988794221807,0.23661402798047687
2020-10-01,0.019,0.5,-2.2,0.003,-0.009,-0.008,-0.014,0.6547346559740073,0.009475651667912192,0.003381737275542981,0.016214048745782327,0.009441863793989737,0.027493838978029404,0.05634699427105212,0.031610309281475686,0.06743532613528558,0.07208272351950744,0.05670741338512769,0.4585834226755337,1.1439233381230969,1.1892017933352843,12.449617830516331,0.2584347436016924
2020-11-01,-0.032,0.5,-2.4,-0.015,-0.009,0.018,0.063,0.10517274079974762,0.007260331309727404,0.006178256333587035,0.01963084223792623,0.001675819353396276,0.0012045908106457833,0.016257054822678425,0.020859893824147414,0.03966129991182861,0.01013926686566946,0.005472591387797578,0.30340738232863235,0.6209315558744231,0.5369307466544322,11.888063371135072,0.19040962723494992
2020-12-01,-0.037,0.5,-2.4,0.067,0.023,-0.019,0.169,0.25748203468778735,0.012566696397828802,0.0022780325126744144,0.028953845407355634,0.00536559365075136,-0.007861069466867621,0.018061134871509704,0.0048680403048525014,0.02056394632081518,0.012014304112142583,0.01207676890304165,0.6761465309295698,0.7620778390903818,0.677828869744657,11.198653934157653,0.03153637083318503
2021-01-01,-0.015,0.5,-2.5,0.052,0.018,-0.02,0.096,0.26849763065756826,0.01629191288842482,0.008290577671718369,0.03130769502239644,0.007662168257161352,0.0033184503784847164,0.02867858291765754,0.004351576682166652,0.02372095381947628,0.01065363642020387,0.04980237156581963,-0.5617589406125837,-0.09302737935017535,-0.21241481093013725,10.159908859609343,0.3856942052001028
2021-02-01,-0.001,0.5,-2.5,-0.014,-0.009,-0.01,0.141,0.20278384484133277,0.01927414007411505,0.013761911963048087,0.025033375081780725,0.002534524758092258,0.008843585916991092,-0.024453152895329316,0.0018721962995547209,0.026584982174387137,-0.025258065326190543,-0.011735101393154937,-0.010778642946449424,0.5779993915119274,0.5460526466938885,10.346305564682877,0.32418314825064914
2021-03-01,0.005,0.5,-2.5,0.012,0.001,0.003,0.054,-0.00476815381912532,0.020939121622429644,0.012584936286854346,0.04039733112500138,0.008004712083979768,-0.019375778434747984,0.022893860279510764,0.0026496094387427616,0.011952832847240899,0.03783067937810075,0.017437036251760074,0.03702362271392423,0.629420605743962,0.4367892084983107,10.274926541127018,0.47227253085037174
2021-04-01,-0.025,0.75,-2.5,0.002,0.004,-0.003,-0.018,0.33334427494619145,0.054176770320012044,0.02046909527616009,0.040175600329737875,0.007331346787326207,-0.034946066764053624,0.012626013593981883,0.006149366992029781,-0.017089819887610005,0.03579371988227523,0.007462651211260246,0.5582033113261944,0.721138719619987,0.6382051131549339,10.094087313633175,0.44103025896068554
2021-05-01,0.006,0.75,-2.5,0.119,0.044,-0.021,0.065,0.34043330448525855,0.00806410111338933,0.01760236681478283,0.017022672957450878,-0.0060340155353535395,0.011985149986259115,0.005010077318938294,0.012168300100107485,-0.01244607859955181,0.01085215987267869,0.0017149264435507225,0.019719614169031674,-0.2390349503956474,0.5229474278097943,9.808290288434923,0.48735272121199646
2021-06-01,0.02,1.0,-2.7,0.029,0.002,0.021,0.065,0.34498626771018404,0.06818437580032534,0.020209461074260582,0.11145213533140222,0.004406950060964674,0.00263756766990963,0.015250454841131997,0.004828017768073491,0.08718553786872317,0.010819999145763806,0.007440450269768896,-0.3296168613547604,0.009857249011490599,-0.04892855647840727,10.092845571922174,0.5423765833859431
2021-07-01,0.033,1.5,-2.669,0.013,0.012,0.025,0.028,0.5683115212547086,-0.002563323858961757,0.023988464514904304,-0.01626681202585549,0.0038856120062358435,-0.005000256952335089,0.021441550512257868,0.013706200606428035,0.013832487606394238,0.03754277030843546,0.018453413146362105,0.22833376415159068,0.6540794766121956,0.5604452637576154,9.423414374216486,0.4963276511354613
2021-08-01,0.039,2.0,-2.75,-0.0,0.007,0.022,-0.056,0.20651081531821977,0.017153691577201827,0.025608875363011204,0.02388816543334188,0.006146789437532605,-0.006622535841423995,0.010770589266694459,-0.010569296141844771,0.0061023680393750765,0.008185129796260668,0.005150668583214328,0.2709679479563266,1.0090359966375206,0.8042460160822528,8.891056979908873,0.7077732177247682
2021-09-01,0.005,3.5,-2.8,-0.006,0.002,0.037,0.051,0.6504691012920714,0.03213806153814777,0.02513354596696705,0.029591194205736984,0.031196350578764957,0.022237553964271274,0.02012936033790265,-0.006553148678446568,-0.017805764041753144,0.04684790527636734,0.018317683622594845,-0.1119543620314177,0.6303143403881777,0.5324819189759522,8.554412313057016,0.5615470456567704
2021-10-01,0.039,4.0,-2.25,0.003,0.01,-0.002,0.123,0.689898352232456,0.006861383068290212,0.013543381623380864,0.005360896467768911,0.0010125990098901077,0.004464624301520529,0.01552898785245967,-0.008844237503523714,-0.003324825580782974,0.032435864298075524,0.011823237931124102,-0.6323116699840143,0.7032597786528211,0.6088884248209215,8.500458648773837,0.8150133857532679
2021-11-01,-0.002,5.0,-2.05,-0.016,-0.006,0.032,-0.026,0.7511452130689281,0.045089532721057854,0.01902179494128562,0.07834499882068614,-0.013420675595423898,0.05987035960614558,0.015082854301770195,-0.00941616078868443,0.019002368647776678,0.012766224184223098,0.007899776954455373,-0.24684443144125,0.6254322238654301,0.7417687808640924,8.370912457567133,0.8121863803507334
2021-12-01,0.045,5.0,-1.336,0.015,0.005,-0.004,-0.089,0.8018073209095684,0.010525950807974048,0.024083326381870038,0.0025892077381134797,0.02123814296876093,0.009848436445722069,0.018320490616787373,0.013359042573684629,0.012732088553301804,0.014449945502528212,0.014546748788494247,0.15873621658433554,0.7393033391206725,0.6824171660968272,7.8596413052868055,0.4796334678558087
2022-01-01,-0.032,6.0,-0.486,-0.037,-0.016,0.037,0.169,0.8066557104251378,0.015053607704435434,0.025969509695604697,0.014705948863218788,0.005468278815829361,0.007016425140833553,-0.02445930891067577,-0.0030677802182375036,-0.007356243107674715,-0.042982762308382605,0.005302518708901617,-0.18125264916428985,0.7446900928501994,0.7038408614677769,7.083051691150599,0.9526260974492416
2022-02-01,-0.018,7.0,0.7,-0.042,-0.015,-0.028,0.132,0.8047488502963974,0.008372473033337751,0.012373447368275437,0.007222251831768958,-0.009893531949701108,0.00835683620752632,-0.030357163254959754,-0.029692382693702613,-0.02598213669241045,0.008364437802320018,-0.01935477101656817,0.07772217574737472,0.9643414718431429,1.2123589113482947,7.388513575927574,0.8233283954218327
2022-03-01,-0.01,7.0,0.33,-0.03,-0.001,-0.004,0.212,0.8431866755691804,0.00527852999879137,0.011787958972167781,0.005897714861361661,0.014265821863674737,0.024564704529832816,0.0032910765452503,-0.01100758353683455,0.004568217001650651,0.005514526719952083,-0.000742896591495637,0.04811602369923934,0.5043212274180109,0.5662515892203727,7.498087125475263,0.7042271821899686
2022-04-01,0.02,7.0,1.0,-0.015,0.009,-0.016,-0.12,0.95267590327153,0.013107634339804887,0.009630668975593918,-0.012507193661201114,0.0184874894235949,0.014351594863586042,0.016527208271977623,0.0523157630918155,0.01726064175177411,0.013565793224279588,0.014198458852174689,-0.8584687132375943,0.7301418238573928,0.6619579895705353,7.553239722311808,1.8388539338074852
2022-05-01,0.042,7.5,1.823,-0.04,0.007,0.011,0.083,0.9931443798576443,0.01691730960451553,0.04600860779960432,0.005560900607579704,0.016225655970117145,-0.008905461602627467,-0.0010027020840609607,-0.02747757747066755,-0.028186877890692005,0.005505012375380288,-0.008245322784724507,-0.39309120247496865,0.6720930988237284,0.9664580852217878,7.4490367877079215,1.4204241807351512
2022-06-01,0.01,7.5,2.313,-0.024,0.013,0.008,0.092,1.186868903704637,0.01144882695995067,0.03305462565126997,-0.0006241713062693673,0.004312458072150909,0.003318805834233109,0.010511964918913267,0.05893100593533133,0.00313828576278969,0.021437874071658477,0.013711004927891488,0.03702580274699069,1.3741040114321004,1.3400775727521044,7.88132451734064,1.3931219993577664
2022-07-01,0.112,8.0,2.329,-0.036,0.007,0.006,-0.088,0.7239902682913262,0.016635115802790104,0.011935369543322374,0.020946493410250892,0.0134512387059155,-0.00793199850838076,0.002151259619593497,-0.009346371676432291,-0.007868604070443666,0.010931374626753386,-0.0019567360003390523,-0.5297691355767274,0.6518752945543411,0.7242887313749818,7.80103672743753,1.3248449140524559
2022-08-01,-0.052,8.5,2.45,-0.04,0.005,0.081,-0.116,0.8736679147808671,0.008431232003198298,0.05558775730844658,-0.013023045097604099,-0.00450839528107775,0.009399500449960796,-0.010725006643876364,-0.010826047754767972,-0.015581011847911753,-0.029722116866464907,-0.016147721627025505,-0.3852636366829959,0.7253909298196098,0.5314060599594188,7.855274302387408,1.247362452124396
2022-09-01,0.018,8.75,3.55,-0.01,0.008,-0.061,-0.098,0.7824397974067205,0.009007954674502308,-0.0061057266914907316,0.005595182373459345,0.018974300356704926,-0.00405727795857825,0.03591776180040369,0.012511001107078906,0.01743431284779195,0.07277932519036323,0.037833077688680966,0.13351179827626836,1.6732604593483846,1.5787111285735258,7.833785026419492,1.345331169166935
2022-10-01,0.038,8.5,4.766,-0.028,-0.001,-0.01,0.037,0.6195588871918216,0.0016131080920315276,0.0018510500466153183,-0.004589237934028568,0.023846720438782616,6.716087782256651e-05,0.004795994936367624,0.0021243395443226627,0.012953234568227629,0.006655125925131615,0.0035311461197392417,-0.44951520265966055,0.587160360931377,0.5792220631760018,8.013117812762838,0.7247325895607359
2022-11-01,-0.041,8.0,5.45,-0.031,0.005,0.019,-0.022,0.8003058401164496,0.01513921042622781,0.02281943439754975,0.012711393451917062,0.022236505934738554,-6.317619691376293e-05,-0.006417628961604388,0.010770641320286212,-0.02368956588295711,-0.03434801614451233,-0.0109118327163002,0.4962899114208679,0.6415920263939923,0.7077695275960051,8.094804299102993,0.020513235487927384
2022-12-01,-0.045,7.75,5.95,0.017,0.016,-0.045,-0.118,0.4353347190777035,0.013759072230099333,-0.005063905658877365,0.027840080171173044,0.01796034318875825,0.011193231497188656,0.00299033037298007,-0.015298860337168915,0.004862394578726042,0.008190625537537306,0.000591411123924912,-0.2280247800794025,0.7878773166920463,0.6992684727717754,8.153394253813707,0.7432356206233987
2023-01-01,-0.056,7.0,6.25,-0.016,0.011,-0.032,0.03,0.7741945672071026,-0.0634342564333359,-0.01751370629136091,-0.09673820611058905,-0.04091516736892638,0.013923480802238382,-0.008561181331152898,-0.003244920971124554,0.010989334060226508,-0.01429411930850906,0.007384931377920449,0.3004623248619356,0.8801756564852965,0.9504288088555677,7.936724143189946,0.6462652452864922
2023-02-01,-0.034,7.0,6.25,-0.017,-0.003,-0.043,-0.004,0.6050979422623464,0.00034397908756819825,-0.020903241341495602,0.015941309343603847,-0.011911290304036145,0.14734310365427825,-0.000579521464045385,0.02123724738277065,-0.004475444811550072,0.01045270672664346,0.011735599127787003,0.87027890132893,1.2309689305541787,1.4793912890498473,8.216173114553534,0.37662498095448027
2023-03-01,0.014,7.25,6.45,-0.005,0.009,-0.037,-0.051,0.5880827480530205,-0.03936698408365366,-0.016673666998773623,-0.060529032482040813,0.014158955129814837,-0.08916761421962019,-0.004553310322683454,-0.04013846498427159,0.015923281549497847,0.0048446586324042,-0.006720992886890292,0.44713150370195454,0.5120875904493796,0.5684641196010438,8.393777973296675,0.4433088252734103
2023-04-01,-0.007,7.25,6.75,0.001,0.007,-0.001,0.085,0.5678548095624899,-0.002626175864970128,-0.013206394145827053,-0.002160093259816403,0.0029217478032206833,-0.003295682039528916,-0.002463895125196902,0.029025267175806363,0.043753896022855274,0.0019086805592449796,-0.004555154864832295,0.05315315931602662,0.808648622779136,0.8139435213273933,8.587731606843711,1.014590126762964
2023-05-01,-0.006,7.0,6.95,-0.001,-0.001,-0.003,-0.108,0.5403535769748152,-0.018830217776952284,-0.01042404918842526,-0.03646389898418344,0.06465683365767515,0.006888742820448044,-0.0028594907572070463,0.0035449952542806334,-0.07380165253466563,-0.013799820333007218,-0.005345525973584057,0.3658200381421542,0.27131365674819363,0.5599408790387133,8.516818054904768,0.24295542876245785
2023-06-01,0.002,6.75,7.25,-0.005,0.009,-0.017,-0.014,0.5406584720686904,-0.03948627237639328,-0.0077428919976010886,-0.06421404364516818,-0.019012030862487622,0.016353900580692943,0.00035373738641040174,0.020084910196476236,0.05117291954468382,0.02663125048848309,-0.0023770402131267944,0.529217863935613,0.8510206060781149,0.8064641454308278,8.657788110087477,0.22727470906605404
2023-07-01,0.017,6.0,7.702,-0.012,0.002,-0.004,0.072,0.08482413869852944,0.017163274566318172,-0.007513027403054225,0.039327057960353046,-0.011164193791080024,0.0045339029505600936,0.009977146339496434,0.01781872793602958,-0.03407939889574438,0.008189492613205576,0.008737543334433853,0.2054634111719401,0.3543451982234636,0.4241741008816915,8.61258286084378,0.24796214249691284
2023-08-01,0.052,5.0,6.75,-0.006,-0.005,0.018,0.076,0.01611849604246604,0.013354026166683167,-0.0007542022182503024,0.039384056329725706,-0.041708302796128,0.0023437526975056758,0.014163185928123278,0.003513016425228095,0.007001802696916344,0.004611410163704033,0.013503200415293095,-0.14792986029301483,0.40204511342170046,-0.390464379879095,8.660868391197763,0.17055765861505726
2023-09-01,0.034,5.0,6.118,0.012,-0.001,0.042,0.091,0.1178581452080549,0.04861413429739573,0.028228405613116535,0.057327413340002895,0.018332939718410324,0.06096568138411965,0.013371619655505582,0.0033266925582353703,0.02077533180905323,0.02387086920817432,0.012007766538054652,0.0073162150046642005,0.3394212964417069,0.35009980139037666,8.751103952293652,0.22821304613512908
2023-10-01,0.047,5.25,6.05,-0.006,0.0,0.022,-0.03,0.5470047947651996,0.01872052319533488,-0.002206203107171869,0.021476282234918286,0.0428354356187538,0.06163849413437382,0.016295564731049306,0.031237028665595204,0.0011468819229473112,0.00313445863279313,0.014046996946109776,0.4063356401229785,1.1504996121876778,1.309890646408125,8.74368950502593,0.7404188938438758
2023-11-01,-0.043,5.25,5.7,-0.009,0.0,0.037,-0.089,0.45421240857416273,-0.0038214873036950658,0.011865883410880183,-0.003749802184618815,-0.04672807267856729,0.0037902199895341274,-0.000540859231931267,-0.0222930535748809,-0.005820714606980432,-0.0025563530521881053,-0.0006957260365798752,0.481641776155751,0.5863296453974987,0.648106581109335,8.835908065507825,-0.08007054627334564
2023-12-01,-0.013,5.25,5.624,0.037,0.011,-0.035,-0.059,-0.12108473615507687,0.0013666872431397706,-0.008687390033521317,0.006301023249700883,0.019036544200831756,-0.004385353256794698,0.006163817069848716,0.0001883339275562182,0.015637165192787163,0.0012986182654056988,0.004195654557495827,-0.1733547562654022,0.3154526060192901,0.48053017143916377,8.85886274889347,0.17751986502656503
2024-01-01,0.038,4.75,5.25,0.007,0.006,-0.014,0.026,0.33914840309427824,0.009723306603984253,0.00234494903538617,0.01612941054448004,0.02262446648703488,-0.021866723116440848,-0.03070167807853054,-0.0870584649162134,-0.02116401675109439,0.0021029324691882803,-0.030210237694514697,0.49200410064548095,0.42028832212663214,0.563567654120785,8.70379734017415,0.035331980427174114
2024-02-01,0.061,4.0,4.25,-0.004,0.004,0.025,0.047,0.5164610393144918,0.00791314384065185,0.00839600671970664,0.00368581763902573,0.016937175369912745,-0.012760410018865534,0.033281208282294056,0.08542032864514174,0.057172526039712485,0.007923231981252943,0.04260768979812199,0.14712421676642778,0.3354834979200842,0.5025093036877354,8.690433234352188,0.22884627268808527
2024-03-01,0.005,4.25,4.25,-0.004,0.008,0.059,0.019,-0.06191163975560765,0.010026566933559036,0.010724099367963154,0.011827906711553166,0.022479364630733467,-0.00092975102674579,0.014717963122547105,0.00959543079169708,-0.004773133994577156,0.003139008865350887,0.014354583247301184,-0.019019604917104527,0.6093439611588812,0.6798982808848751,8.568244836005162,1.2900277025560913
2024-04-01,-0.008,4.25,3.468,0.01,0.008,0.005,0.051,0.3850330786976044,0.014485430140371174,0.008103154408849084,0.03113140287888011,0.02164650470059734,0.004776519747990732,-0.04568293920522436,-0.009240411252465181,-0.020961043523464687,-0.031019353503324465,-0.04592271722549808,0.40770371649926573,0.27245420740760595,0.44805631969188275,8.490322958572907,0.2865292310914618
2024-05-01,-0.044,4.5,3.157,-0.009,-0.001,-0.016,-0.09,0.384627807389067,0.00839817242242748,0.007109277893959798,0.021299165890168052,-0.04753032644678742,0.005706396579162651,0.016064145051617275,0.01426548831203675,0.018334871013897018,0.0007826200832639976,0.022986051024455313,0.25638478012785276,0.6178872986275457,0.6099465973681855,8.547567865145723,0.3628458112113523
2024-06-01,0.009,4.5,2.708,0.007,0.01,-0.045,0.007,0.385711405649319,0.009472401000475208,0.005732482928825337,0.015058241616627898,0.025302058261959824,-0.0007140106028910107,-0.031994149618955456,-0.003785562335874418,-0.012430072354648596,-0.0011769518390399693,-0.03985925019537441,0.030292484163853522,0.38297538460325536,0.5110833235010844,8.507518587275964,0.36241900526264104
2024-07-01,0.012,4.75,2.15,-0.002,0.012,0.003,0.035,0.3435680816597625,0.002109185840609481,0.0037408771570968617,-0.006089124090977047,0.02595672804440324,0.012978792400563157,0.004213779436353024,-0.0016076896365478412,0.02684964536262619,-0.005252902311100635,0.0037476789874305097,0.3970497770646292,0.648989821738323,0.7328973252807016,8.534878867289985,0.3673997694139154
2024-08-01,-0.008,4.75,1.95,-0.012,0.003,0.007,-0.053,0.26396458146374746,0.006773664784719409,0.002285308157019856,0.005361517940764587,0.02672544861348289,-0.05512705959366996,0.0563142640931789,0.013822670108454876,0.014931456830232804,0.0722948132205098,0.05508410727052445,0.6857201687471883,2.1937593682494225,0.6920936499421416,8.511322507855802,0.3990754534793823
2024-09-01,-0.004,4.5,1.728,0.014,0.0,0.002,-0.08,0.25704820262555544,0.009672161058032754,0.008459595800695704,-0.007008887528602278,0.02474521023084519,0.01314763504631725,0.0022342754317730626,0.003733328436046587,-0.0033521394016751797,-0.002294507509365308,0.0006440639655710956,0.362831970899065,0.6503818823050632,0.8357830885787059,8.47597787480904,0.4062461696016361
2024-10-01,0.008,4.25,1.7,-0.009,-0.002,-0.0,0.018,0.4,0.009164287662324494,-0.023495080429290452,0.016373069100781117,0.02492184300754923,0.015046610732016207,-0.00011847292890648786,-0.0091412457863084,0.011046755363413097,-0.0027393704199791882,-0.00034843867979263143,0.33352937019915435,0.5863426722979521,0.7342917787776255,8.41883197316183,0.36646822365321163
2024-11-01,0.04,4.5,1.65,0.013,-0.002,-0.006,-0.018,0.2142595428696547,0.015503562349539552,0.0008496828109036984,0.023840020199889296,0.025626952890420704,0.10013674613848852,0.017077544522599075,0.015138811601277828,0.02849411002108914,-0.0008733105606082633,0.0188323085361531,-0.11271527165185768,0.4886051510924618,0.6030087112825734,8.344256790072578,0.5256599957716153
2024-12-01,0.011,4.5,1.55,0.04,0.008,0.024,-0.007,0.22181853575644883,0.01513738634436526,0.011876475705769824,0.014304983431246716,0.027529045308472347,-0.13595697449053454,0.006984426642688762,0.015551088218951764,0.0039953731697504255,-0.0045461877674882675,0.007310064325950931,0.6395577494146761,0.5969778179827994,0.761349714232355,8.292875215019006,-0.5961491052955108
2025-01-01,0.019,4.5,1.2,0.005,0.003,0.007,0.072,0.21022059333176984,0.011189452790818255,0.010105064933507555,0.010619958065005385,0.027928059198922137,0.01897457819424292,0.009429462469551175,0.010829802619152423,0.03022426354498392,0.020246285283682913,0.0034752589947663753,0.005225470798662979,0.5344758308282245,0.6774639100167875,8.436335562720336,0.5391302377895382
2025-02-01,-0.031,4.5,1.4,-0.011,0.0,0.008,-0.05,0.12664112445526773,0.0178088795120151,0.008181882959515288,0.019483277663650742,0.032606115394698765,0.027295383685829063,0.0035363200088626284,0.005273186754553849,0.013797479994473068,-0.00948883613213164,0.0023838453748050853,0.1899077038582066,0.649060913906363,0.8071478621722148,8.354029287240829,0.577322375177518
